<?xml version="1.0" encoding="UTF-8"?>
<project-private xmlns="http://www.netbeans.org/ns/project-private/1">
    <editor-bookmarks xmlns="http://www.netbeans.org/ns/editor-bookmarks/2" lastBookmarkId="0"/>
    <open-files xmlns="http://www.netbeans.org/ns/projectui-open-files/2">
        <group name="Web_W1">
            <file>file:/C:/Users/Joe%20Heath/OneDrive%20-%20Staffordshire%20University/Year2/WebAndMobile/Sem1/CinemaWebApplication/src/java/Gateway/ShowingGateway.java</file>
            <file>file:/C:/Users/Joe%20Heath/OneDrive%20-%20Staffordshire%20University/Year2/WebAndMobile/Sem1/CinemaWebApplication/src/java/Gateway/BookingGateway.java</file>
        </group>
        <group>
            <file>file:/C:/Users/h016195h/OneDrive%20-%20Staffordshire%20University/Year2/WebAndMobile/Sem1/CinemaWebApplication/src/java/DTO/CinemaDTO.java</file>
            <file>file:/C:/Users/h016195h/OneDrive%20-%20Staffordshire%20University/Year2/WebAndMobile/Sem1/CinemaWebApplication/src/java/DTO/FilmDTO.java</file>
            <file>file:/C:/Users/h016195h/OneDrive%20-%20Staffordshire%20University/Year2/WebAndMobile/Sem1/CinemaWebApplication/src/java/DTO/ShowingDTO.java</file>
            <file>file:/C:/Users/h016195h/OneDrive%20-%20Staffordshire%20University/Year2/WebAndMobile/Sem1/CinemaWebApplication/src/java/dbase/DBManager.java</file>
            <file>file:/C:/Users/h016195h/OneDrive%20-%20Staffordshire%20University/Year2/WebAndMobile/Sem1/CinemaWebApplication/src/java/DTO/BookingDTO.java</file>
            <file>file:/C:/Users/h016195h/OneDrive%20-%20Staffordshire%20University/Year2/WebAndMobile/Sem1/CinemaWebApplication/src/java/DTO/ScreenDTO.java</file>
        </group>
    </open-files>
</project-private>
